<!-- 
Maximum of 32 words per CCSDS message. The first three words are the
primary header:

   uint16  StreamId;     /* packet identifier word (stream ID) */
      /*  bits  shift                description                  */
      /* 0x07FF    0  : application ID                            */
      /* 0x0800   11  : secondary header: 0 = absent, 1 = present */
      /* 0x1000   12  : packet type:      0 = TLM, 1 = CMD        */
      /* 0xE000   13  : CCSDS version, always set to 0            */

   uint16  Sequence;     /* packet sequence word */
      /*  bits  shift                description                  */
      /* 0x3FFF    0  : sequence count                            */
      /* 0xC000   14  : segmentation flags:  3 = complete packet  */

   uint16  Length;       /* packet length word */
      /*  bits  shift                description                  */
      /* 0xFFFF    0  : (total packet length) - 7                 */

-->
<msg-tbl>

  <!-- CFE_ES_SEND_HK_MID 0x1808 -->
  <entry  id="1"  stream-id="6152" seq-seg="0xC000" length="1"/>

  <!-- CFE_EVS_SEND_HK_MID 0x1809 -->
  <entry  id="2"  stream-id="6153" seq-seg="0xC000" length="1" />

  <!-- CFE_SB_SEND_HK_MID 0x180B -->
  <entry  id="3"  stream-id="6155" seq-seg="0xC000" length="1" />

  <!-- CFE_TBL_SEND_HK_MID 0x180C -->
  <entry  id="4"  stream-id="6156" seq-seg="0xC000" length="1" />

  <!-- CFE_TIME_SEND_HK_MID 0x180D -->
  <entry  id="5"  stream-id="6157" seq-seg="0xC000" length="1" />

  <!-- CFE_CI_LAB_SEND_HK_MID 0x1885 -->
  <entry  id="6"  stream-id="6277" seq-seg="0xC000" length="1" />

  <!-- CFE_TO_LAB_SEND_HK_MID 0x1881 -->
  <entry  id="7"  stream-id="6273" seq-seg="0xC000" length="1" />

  <!-- SCH_LAB_SEND_HK+_MID 0x1883 -->
  <entry  id="8"  stream-id="6275" seq-seg="0xC000" length="1" />

  <!-- Test packet 0x17FF with data 6 bytes of data -->
  <entry  id="9"  stream-id="6143" seq-seg="0xC000" length="7">0,1,2,3,4,5</entry>

</msg-tbl>
